Salt Name,,,,,,,,,,,,,,
generic_name,Brand name,Manufacturer,Salt ,Pack Size,Uses and Side Effect,prescreption,price,dosage_old,dosage_adult ,dosage_children,when should it be taken,how should it be taken,missed dose,overdose dose
Desflurane,Suprane-Baxter,Baxter India Pvt Ltd,C3H2F6O ,240 ml,"Hepatitis,Bleeding,Conjunctivitis,Nausea or vomiting,Cough,Pharyngitis,Dizziness,Agitation,Headache,Fever.  USED for Anesthesia",yes,112,,,,,,,
Halothane,ETHRANE , Raman Weil Pvt Ltd,C3H2CIF5O,100 ml,"Arrhythmias, shivering, nausea and vomiting have been reported. Elevation of the white blood count has been observed. Mild, moderate and severe liver injury",yes,378.61,,,,,,,
Isoflurane,Isoflurane Usp,Baxter India Pvt Ltd, C3H2ClF5O ,100 ml,"headache,vomiting,cough ,cold,thrombophlebitis,slow heart beat etc.",yes,82.4,,,,,,,
SEVOFLURANE,jan anushadi,Jan Aushadhi,C4H3F7O ,100ml,"Cough, dizziness, drowsiness.,increased amount of saliva.",yes,5157.6,,,,,,,
Etomidate,jan anushadi, Jan Aushadhi,c14H16N202,250ml,",Apnea (Absence of Breathing) ,Hyperventilating (rapid/deep breathing,Injection Site Allergic Reaction,Arrhythimia.",yes,395,,,,,,,
Adrenaline,Adrenaline Tartrate Injection, Harson Laboratories,C9H13NO3,,"Asthma,Heart Failure,Shock,Cardiac Arrest,Low Blood Pressure,headache,cough.",yes,11,,,,,,,
Bupivacaine,Bupivac Heavy,Harson Laboratories,C18H28N2O,,"dizziness,vomiting,cough,nausea,heart beats slow,warning,patient labeling,reviews.",yes,28.5,,,,,,,
Centbucridine,Centbucridine,Jan Aushadhi,C17H23ClN 2 ,20g,"Nausea or vomiting,Cough,side effects, dosage, drug interactions, warnings, patient labeling, reviews, and related medications including drug,dizziness",yes,80,,,,,,,
Lignocaine,Lignocaine ,Jan Aushadhi, C14H22N2O,,"Depression,Convulsion,Confusion,Drowsiness,Erythema,Edema,Application Site IrritationParesthesia,Nausea or vomiting,Flushing,Bruising or discoloration,Skin redness. use itchiing,burn,pain.",yes,15,,,,,,,
Prilocaine,,Neon Laboratories Ltd,C13H20N20,30mg,,,,,,,,,,
Ropivacaine,,,,,,,,,,,,,,
Benzocaine,,,,,,,,,,,,,,
Cocaine,,,,,,,,,,,,,,
TETRACAINE,,,,,,,,,,,,,,
Benzyl Alcohol,,,,,,,,,,,,,,
Acetaminophen,,,,,,,,,,,,,,
Aspirin,,,,,,,,,,,,,,
Diclofenac Potassium,,,,,,,,,,,,,,
Diclofenac Sodium,,,,,,,,,,,,,,
Flurbiprofen,,,,,,,,,,,,,,
Ibuprofen,,,,,,,,,,,,,,
Indomethacin,,,,,,,,,,,,,,
Ketoprofen,,,,,,,,,,,,,,
Ketorolac,,,,,,,,,,,,,,
Morphine,,,,,,,,,,,,,,
Naproxen,,,,,,,,,,,,,,
Paracetamol,,,,,,,,,,,,,,
Pethidine,,,,,,,,,,,,,,
Neostigmine,,,,,,,,,,,,,,
Pyridostigmine,,,,,,,,,,,,,,
Chlorpromazine,,,,,,,,,,,,,,
Dimenhydrinate,,,,,,,,,,,,,,
Diphenhydramine,,,,,,,,,,,,,,
Domperidone,,,,,,,,,,,,,,
Metoclopramide,,,,,,,,,,,,,,
Ondansetron,,,,,,,,,,,,,,
Prochlorperazine,,,,,,,,,,,,,,
Promethazine,,,,,,,,,,,,,,
Ephedrine,,,,,,,,,,,,,,
Succinylcholine,,,,,,,,,,,,,,
Famotidine,,,,,,,,,,,,,,
Famotidine,,,,,,,,,,,,,,
Atropine,,,,,,,,,,,,,,
Glycopyrrolate,,,,,,,,,,,,,,
Hyoscine Butyl Bromide,,,,,,,,,,,,,,
Haloperidol,,,,,,,,,,,,,,
Trifluopromazine,,,,,,,,,,,,,,
Atracurium,,,,,,,,,,,,,,
Pancuronium,,,,,,,,,,,,,,
Pipercuronium,,,,,,,,,,,,,,
Vecuronium,,,,,,,,,,,,,,
Almitrine,,,,,,,,,,,,,,
Doxapram,,,,,,,,,,,,,,
Prethcamide,,,,,,,,,,,,,,
Diazepam,,,,,,,,,,,,,,
Lorazepam,,,,,,,,,,,,,,
Midazolam,,,,,,,,,,,,,,
Albendazole,,,,,,,,,,,,,,
Ivermectin,,,,,,,,,,,,,,
Levamisole,,,,,,,,,,,,,,
Mebendazole,,,,,,,,,,,,,,
Piperazine,,,,,,,,,,,,,,
Pyrantel Pamoate,,,,,,,,,,,,,,
Diethylcarbamazine,,,,,,,,,,,,,,
Praziquantel,,,,,,,,,,,,,,
Nitazoxanide,,,,,,,,,,,,,,
Niclosamide,,,,,,,,,,,,,,
Benzyl Benzoate,,,,,,,,,,,,,,
Crotamiton,,,,,,,,,,,,,,
Gamma Benzene Hexachloride,,,,,,,,,,,,,,
Permethrin,,,,,,,,,,,,,,
Busulphan,,,,,,,,,,,,,,
Carmustine,,,,,,,,,,,,,,
Chlorambucil,,,,,,,,,,,,,,
Cyclophosphamide,,,,,,,,,,,,,,
Dacarbazine,,,,,,,,,,,,,,
Ifosfamide,,,,,,,,,,,,,,
Lomustine,,,,,,,,,,,,,,
Mechlorethamine,,,,,,,,,,,,,,
Melphalan,,,,,,,,,,,,,,
Procarbazine,,,,,,,,,,,,,,
Semustine,,,,,,,,,,,,,,
Temozolomide,,,,,,,,,,,,,,
Thio-TEPA,,,,,,,,,,,,,,
5-Fluorouracil,,,,,,,,,,,,,,
Azathioprine,,,,,,,,,,,,,,
Capecitabine,,,,,,,,,,,,,,
Cladribine,,,,,,,,,,,,,,
Cytarabine,,,,,,,,,,,,,,
Cytosine Arabinoside,,,,,,,,,,,,,,
Doxifluridin,,,,,,,,,,,,,,
Floxuridine,,,,,,,,,,,,,,
Fludarabine,,,,,,,,,,,,,,
Gemcitabine,,,,,,,,,,,,,,
Mercaptopurine,,,,,,,,,,,,,,
Methotrexate,,,,,,,,,,,,,,
Thioguanine,,,,,,,,,,,,,,
Amifostine,,,,,,,,,,,,,,
Bleomycin,,,,,,,,,,,,,,
Dactinomycin,,,,,,,,,,,,,,
Daunorubicin,,,,,,,,,,,,,,
Doxorubicin,,,,,,,,,,,,,,
Epirubicin,,,,,,,,,,,,,,
Idarubicin,,,,,,,,,,,,,,
Mithramycin,,,,,,,,,,,,,,
Mitomycin,,,,,,,,,,,,,,
Mitoxantrone,,,,,,,,,,,,,,
L-Asparanginase,,,,,,,,,,,,,,
BCG Vaccine,,,,,,,,,,,,,,
Bacillus Calmet,,,,,,,,,,,,,,
Filgrastim,,,,,,,,,,,,,,
Ginseng,,,,,,,,,,,,,,
Interferon,,,,,,,,,,,,,,
Interleukin 2,,,,,,,,,,,,,,
Lenalidomide,,,,,,,,,,,,,,
Lyophilised Bacterial Lysate,,,,,,,,,,,,,,
Tinocordin,,,,,,,,,,,,,,
Cetuximab,,,,,,,,,,,,,,
Rituximab,,,,,,,,,,,,,,
Trastuzumab,,,,,,,,,,,,,,
Carboplatin,,,,,,,,,,,,,,
Cisplatin,,,,,,,,,,,,,,
Oxaliplatin,,,,,,,,,,,,,,
Hydroxyurea,,,,,,,,,,,,,,
Docetaxel,,,,,,,,,,,,,,
Paclitaxel,,,,,,,,,,,,,,
Irinotecan,,,,,,,,,,,,,,
Topotecan,,,,,,,,,,,,,,
Gefitinib,,,,,,,,,,,,,,
Imatinib,,,,,,,,,,,,,,
Mesna,,,,,,,,,,,,,,
Etoposide,,,,,,,,,,,,,,
Teniposide,,,,,,,,,,,,,,
Vinblastine,,,,,,,,,,,,,,
Vincristine,,,,,,,,,,,,,,
Vinorelbine,,,,,,,,,,,,,,
Betamethasone,,,,,,,,,,,,,,
Dexamethasone,,,,,,,,,,,,,,
Hydrocortisone,,,,,,,,,,,,,,
Methyl Prednisolone,,,,,,,,,,,,,,
Prednisolone,,,,,,,,,,,,,,
Triamcinolone,,,,,,,,,,,,,,
Desoxycorticosterone acetate,,,,,,,,,,,,,,
Fludrocortisone acetate,,,,,,,,,,,,,,
Nandrolone,,,,,,,,,,,,,,
Oxymetholone,,,,,,,,,,,,,,
Stanozolol,,,,,,,,,,,,,,
Testosterone,,,,,,,,,,,,,,
Bicalutamide,,,,,,,,,,,,,,
Cyproterone,,,,,,,,,,,,,,
Finasteride,,,,,,,,,,,,,,
Flutamide,,,,,,,,,,,,,,
Anastrozole,,,,,,,,,,,,,,
Exemestane,,,,,,,,,,,,,,
Fulvestrant,,,,,,,,,,,,,,
Letrozole,,,,,,,,,,,,,,
Tamoxifen,,,,,,,,,,,,,,
Goserelin,,,,,,,,,,,,,,
Leuprolide,,,,,,,,,,,,,,
Nafarelin Acetate,,,,,,,,,,,,,,
Conjugated Oestrogens,,,,,,,,,,,,,,
Conjugated Oestrogens (Haemostatic),,,,,,,,,,,,,,
Diethyl Stilbestrol,,,,,,,,,,,,,,
Estradiol,,,,,,,,,,,,,,
Ethinyl estradiol,,,,,,,,,,,,,,
Fosfestrol,,,,,,,,,,,,,,
Megesterol Acetate,,,,,,,,,,,,,,
Oestradiol,,,,,,,,,,,,,,
Phytoestrogens,,,,,,,,,,,,,,
Stilboestrol,,,,,,,,,,,,,,
Tibolone,,,,,,,,,,,,,,
Allyloestrenol,,,,,,,,,,,,,,
Desogestrel,,,,,,,,,,,,,,
Drospirenone,,,,,,,,,,,,,,
Dydrogesterone,,,,,,,,,,,,,,
Gestodene,,,,,,,,,,,,,,
Hydroxyprogesterone,,,,,,,,,,,,,,
Levonorgestrel,,,,,,,,,,,,,,
Lynestrenol,,,,,,,,,,,,,,
Medroxyprogesterone,,,,,,,,,,,,,,
NORGESTREL,,,,,,,,,,,,,,
Norethindrone Acetate,,,,,,,,,,,,,,
Norethisterone,,,,,,,,,,,,,,
Progesterones,,,,,,,,,,,,,,
Edaravone,,,,,,,,,,,,,,
Oxyfedrine,,,,,,,,,,,,,,
Ranolazine,,,,,,,,,,,,,,
Trimetazidine,,,,,,,,,,,,,,
Abciximab,,,,,,,,,,,,,,
Aspirin (Low Dose),,,,,,,,,,,,,,
Clopidogrel,,,,,,,,,,,,,,
Dilazep,,,,,,,,,,,,,,
Eptifibatide,,,,,,,,,,,,,,
Ticlopidine,,,,,,,,,,,,,,
Acebutolol,,,,,,,,,,,,,,
Atenolol,,,,,,,,,,,,,,
Betaxolol,,,,,,,,,,,,,,
Bisoprolol,,,,,,,,,,,,,,
Carteolol,,,,,,,,,,,,,,
Celiprolol,,,,,,,,,,,,,,
Esmolol,,,,,,,,,,,,,,
Levobunolol,,,,,,,,,,,,,,
Metipranolol,,,,,,,,,,,,,,
Metoprolol,,,,,,,,,,,,,,
NADOLOL,,,,,,,,,,,,,,
Nebivolol,,,,,,,,,,,,,,
Oxprenolol,,,,,,,,,,,,,,
Pindolol,,,,,,,,,,,,,,
Propranolol,,,,,,,,,,,,,,
S- Metoprolol,,,,,,,,,,,,,,
S-Atenolol,,,,,,,,,,,,,,
Sotalol,,,,,,,,,,,,,,
Timolol,,,,,,,,,,,,,,
Amlodipine,,,,,,,,,,,,,,
Benidipine,,,,,,,,,,,,,,
Cilnidipine,,,,,,,,,,,,,,
Cinnarizine,,,,,,,,,,,,,,
Diltiazem,,,,,,,,,,,,,,
Felodipine,,,,,,,,,,,,,,
Lacidipine,,,,,,,,,,,,,,
Lercanidipine,,,,,,,,,,,,,,
Nifedipine,,,,,,,,,,,,,,
generic_name,,,,,,,,,,,,,,
Desflurane,,,,,,,,,,,,,,
Enflurane,,,,,,,,,,,,,,
Halothane,,,,,,,,,,,,,,
Isoflurane,,,,,,,,,,,,,,
generic_name,,,,,,,,,,,,,,
Desflurane,,,,,,,,,,,,,,
Enflurane,,,,,,,,,,,,,,
Halothane,,,,,,,,,,,,,,
Isoflurane,,,,,,,,,,,,,,
SEVOFLURANE,,,,,,,,,,,,,,
,,,,,,,,,,,,,,
Bemiparin,,,,,,,,,,,,,,
Certoparin Sodium,,,,,,,,,,,,,,
Dalteparin Sodium,,,,,,,,,,,,,,
Enoxaparin Sodium,,,,,,,,,,,,,,
Nadroparin,,,,,,,,,,,,,,
Reviparin Sodium,,,,,,,,,,,,,,
Tinzaparin,,,,,,,,,,,,,,
Tirofiban,,,,,,,,,,,,,,
Nicorandil,,,,,,,,,,,,,,
Amrinone,,,,,,,,,,,,,,
Digoxin,,,,,,,,,,,,,,
Dobutamine,,,,,,,,,,,,,,
Milrinone,,,,,,,,,,,,,,
Amiodarone,,,,,,,,,,,,,,
Disopyramide,,,,,,,,,,,,,,
Flecainide,,,,,,,,,,,,,,
Lidocaine,,,,,,,,,,,,,,
Mexiletine,,,,,,,,,,,,,,
Phenytoin,,,,,,,,,,,,,,
Procainamide,,,,,,,,,,,,,,
Propafenone,,,,,,,,,,,,,,
Quinidine,,,,,,,,,,,,,,
Tocainide,,,,,,,,,,,,,,
Adenosine,,,,,,,,,,,,,,
Bretylium,,,,,,,,,,,,,,
Dofetilide,,,,,,,,,,,,,,
Heparin,,,,,,,,,,,,,,
Low Molecular Weight Heparins (LMWHs),,,,,,,,,,,,,,
Acenocoumarol,,,,,,,,,,,,,,
Dabigatran,,,,,,,,,,,,,,
Nicoumalone,,,,,,,,,,,,,,
Phenindione,,,,,,,,,,,,,,
Warfarin,,,,,,,,,,,,,,
Aminocaproic Acid,,,,,,,,,,,,,,
Tranexamic Acid,,,,,,,,,,,,,,
Factor VIII,,,,,,,,,,,,,,
Aescin,,,,,,,,,,,,,,
Bosentan,,,,,,,,,,,,,,
Calcium Dobesilate,,,,,,,,,,,,,,
Dihydralazine sulphate,,,,,,,,,,,,,,
Diosmins,,,,,,,,,,,,,,
Flavonoids,,,,,,,,,,,,,,
Hydralazine,,,,,,,,,,,,,,
Rutin,,,,,,,,,,,,,,
Sodium Nitroprusside,,,,,,,,,,,,,,
Amylase,,,,,,,,,,,,,,
Botropase,,,,,,,,,,,,,,
Bromelain,,,,,,,,,,,,,,
Chymotrypsin,,,,,,,,,,,,,,
Diastase,,,,,,,,,,,,,,
Fungal Diastase,,,,,,,,,,,,,,
Haemocoagulase,,,,,,,,,,,,,,
Hyaluronidase,,,,,,,,,,,,,,
Lactase,,,,,,,,,,,,,,
Lecithin,,,,,,,,,,,,,,
Lipase,,,,,,,,,,,,,,
Pancreatin,,,,,,,,,,,,,,
Papain,,,,,,,,,,,,,,
Pepsin,,,,,,,,,,,,,,
Peptone,,,,,,,,,,,,,,
Protease,,,,,,,,,,,,,,
Serratiopeptidase,,,,,,,,,,,,,,
Trypsin-Chymotrypsin,,,,,,,,,,,,,,
Ergometrine,,,,,,,,,,,,,,
Adrenochrome Monosemicarbazone,,,,,,,,,,,,,,
Aprotinin,,,,,,,,,,,,,,
Ethamsylate,,,,,,,,,,,,,,
Feracrylum,,,,,,,,,,,,,,
Human Fibrinogen,,,,,,,,,,,,,,
Protamine Sulphate,,,,,,,,,,,,,,
Danazol,,,,,,,,,,,,,,
Oxytocin,,,,,,,,,,,,,,
Carboprost,,,,,,,,,,,,,,
Dinoprost,,,,,,,,,,,,,,
Dinoprostone,,,,,,,,,,,,,,
Gemeprost,,,,,,,,,,,,,,
Menadione,,,,,,,,,,,,,,
Menapthone,,,,,,,,,,,,,,
Phytomenadione,,,,,,,,,,,,,,
Vitamin K,,,,,,,,,,,,,,
Benazepril,,,,,,,,,,,,,,
Captopril,,,,,,,,,,,,,,
Cilazapril,,,,,,,,,,,,,,
Enalapril,,,,,,,,,,,,,,
Fosinopril,,,,,,,,,,,,,,
Imidapril,,,,,,,,,,,,,,
Lisinopril,,,,,,,,,,,,,,
Perindopril,,,,,,,,,,,,,,
Quinapril Hydrochloride,,,,,,,,,,,,,,
Ramipril,,,,,,,,,,,,,,
Trandolapril,,,,,,,,,,,,,,
Carvedilol,,,,,,,,,,,,,,
Labetalol,,,,,,,,,,,,,,
Candesartan,,,,,,,,,,,,,,
Candesartan Cilexetil,,,,,,,,,,,,,,
Irbesartan,,,,,,,,,,,,,,
Losartan Potassium,,,,,,,,,,,,,,
Olmesartan,,,,,,,,,,,,,,
Telmisartan,,,,,,,,,,,,,,
Valsartan,,,,,,,,,,,,,,
Reserpine,,,,,,,,,,,,,,
Clonidine,,,,,,,,,,,,,,
Methyldopa,,,,,,,,,,,,,,
Moxonidine,,,,,,,,,,,,,,
Aliskiren,,,,,,,,,,,,,,
Acetazolamide,,,,,,,,,,,,,,
Brinzolamide,,,,,,,,,,,,,,
Chlorthalidone,,,,,,,,,,,,,,
Clopamide,,,,,,,,,,,,,,
Dorzolamide,,,,,,,,,,,,,,
Eplerenone,,,,,,,,,,,,,,
Frusemide,,,,,,,,,,,,,,
Furosemide,,,,,,,,,,,,,,
Hydrochlorothiazide,,,,,,,,,,,,,,
Indapamide,,,,,,,,,,,,,,
Mannitol 20%,,,,,,,,,,,,,,
Methazolamide,,,,,,,,,,,,,,
Metolazone,,,,,,,,,,,,,,
Spironolactone,,,,,,,,,,,,,,
Torsemide,,,,,,,,,,,,,,
Xipamide,,,,,,,,,,,,,,
Phenoxybenzamine,,,,,,,,,,,,,,
Phentolamine Mesylate,,,,,,,,,,,,,,
Doxazosin,,,,,,,,,,,,,,
Naftopidil,,,,,,,,,,,,,,
Prazosin,,,,,,,,,,,,,,
Terazosin,,,,,,,,,,,,,,
Dipyridamole,,,,,,,,,,,,,,
Prasugrel,,,,,,,,,,,,,,
Cilostazol,,,,,,,,,,,,,,
Drotaverine,,,,,,,,,,,,,,
Dopamine,,,,,,,,,,,,,,
Isoprenaline,,,,,,,,,,,,,,
Levarterenol,,,,,,,,,,,,,,
Mephentermine,,,,,,,,,,,,,,
Noradrenaline,,,,,,,,,,,,,,
Phenylephrine,,,,,,,,,,,,,,
Alprostadil,,,,,,,,,,,,,,
Betahistine,,,,,,,,,,,,,,
Moxisylyte,,,,,,,,,,,,,,
Papaverine,,,,,,,,,,,,,,
Cardioplegia,,,,,,,,,,,,,,
Enprostil,,,,,,,,,,,,,,
Misoprostol,,,,,,,,,,,,,,
Rebamipide,,,,,,,,,,,,,,
Rioprostil,,,,,,,,,,,,,,
Cholestyramine,,,,,,,,,,,,,,
Colestipol,,,,,,,,,,,,,,
Ezetimibe,,,,,,,,,,,,,,
Orlistat,,,,,,,,,,,,,,
Bezafibrate,,,,,,,,,,,,,,
Fenofibrate,,,,,,,,,,,,,,
Gemfibrozil,,,,,,,,,,,,,,
Docosahexenoic Acid,,,,,,,,,,,,,,
Eicosapentaenoic Acid,,,,,,,,,,,,,,
Omega 3 Fatty acids,,,,,,,,,,,,,,
Omega-3 Marine Triglycerides,,,,,,,,,,,,,,
Garlic Extract,,,,,,,,,,,,,,
Atorvastatin,,,,,,,,,,,,,,
Cerivastatin Sodium,,,,,,,,,,,,,,
Fluvastatin,,,,,,,,,,,,,,
Lovastatin,,,,,,,,,,,,,,
Pitavastatin,,,,,,,,,,,,,,
Pravastatin Sodium,,,,,,,,,,,,,,
Rosuvastatin,,,,,,,,,,,,,,
Simvastatin,,,,,,,,,,,,,,
Niacin,,,,,,,,,,,,,,
Nicotinic Acid,,,,,,,,,,,,,,
Policosanol,,,,,,,,,,,,,,
Fenoterol,,,,,,,,,,,,,,
Isoxsuprine,,,,,,,,,,,,,,
Nylidrin Hydrochloride,,,,,,,,,,,,,,
Ritodrine,,,,,,,,,,,,,,
Salbutamol,,,,,,,,,,,,,,
Terbutaline,,,,,,,,,,,,,,
Cyclandelate,,,,,,,,,,,,,,
Inositol Nicotinate,,,,,,,,,,,,,,
Pentoxifylline,,,,,,,,,,,,,,
Xanthinol Nicotinate,,,,,,,,,,,,,,
Alteplase,,,,,,,,,,,,,,
Streptokinase,,,,,,,,,,,,,,
Tissue Type Plasminogen Activator (TPA),,,,,,,,,,,,,,
Urokinase,,,,,,,,,,,,,,
Buspirone,,,,,,,,,,,,,,
Gepirone,,,,,,,,,,,,,,
Ipsapirone,,,,,,,,,,,,,,
Tiospirone,,,,,,,,,,,,,,
Alprazolam,,,,,,,,,,,,,,
Bromazepam,,,,,,,,,,,,,,
Chlordiazepoxide,,,,,,,,,,,,,,
Clobazam,,,,,,,,,,,,,,
Clonazepam,,,,,,,,,,,,,,
Estazolam,,,,,,,,,,,,,,
Etizolam,,,,,,,,,,,,,,
Flunitrazepam,,,,,,,,,,,,,,
Flurazepam,,,,,,,,,,,,,,
Nitrazepam,,,,,,,,,,,,,,
Oxazepam,,,,,,,,,,,,,,
Quazepam,,,,,,,,,,,,,,
Temazepam,,,,,,,,,,,,,,
Triazolam,,,,,,,,,,,,,,
Hydroxyzine,,,,,,,,,,,,,,
Atomoxetine,,,,,,,,,,,,,,
Bupropion,,,,,,,,,,,,,,
Desvenlafaxine,,,,,,,,,,,,,,
Duloxetine,,,,,,,,,,,,,,
Nefazodone,,,,,,,,,,,,,,
Reboxetine,,,,,,,,,,,,,,
Tianeptine,,,,,,,,,,,,,,
Trazodone,,,,,,,,,,,,,,
Moclobemide,,,,,,,,,,,,,,
Selegiline,,,,,,,,,,,,,,
Citalopram,,,,,,,,,,,,,,
Dapoxetine,,,,,,,,,,,,,,
Escitalopram,,,,,,,,,,,,,,
Fluoxetine,,,,,,,,,,,,,,
Fluvoxamine,,,,,,,,,,,,,,
MILNACIPRAN,,,,,,,,,,,,,,
Paroxetine,,,,,,,,,,,,,,
Sertraline,,,,,,,,,,,,,,
Venlafaxine,,,,,,,,,,,,,,
Mianserin,,,,,,,,,,,,,,
Mirtazapine,,,,,,,,,,,,,,
Amitriptyline,,,,,,,,,,,,,,
Amoxapine,,,,,,,,,,,,,,
Clomipramine,,,,,,,,,,,,,,
Desipramine,,,,,,,,,,,,,,
Dosulepin(Dothiepin),,,,,,,,,,,,,,
Doxepin,,,,,,,,,,,,,,
Imipramine,,,,,,,,,,,,,,
Melitracen,,,,,,,,,,,,,,
Nitroxazepine,,,,,,,,,,,,,,
Nortriptyline,,,,,,,,,,,,,,
Trimipramine,,,,,,,,,,,,,,
Eperisone,,,,,,,,,,,,,,
Orphenadrine,,,,,,,,,,,,,,
Tolperisone,,,,,,,,,,,,,,
Valethamate,,,,,,,,,,,,,,
Antazoline,,,,,,,,,,,,,,
Azelastine (Eye Pre.),,,,,,,,,,,,,,
Cyclizine,,,,,,,,,,,,,,
Doxylamine Succinate,,,,,,,,,,,,,,
Epinastine (Eye Pre.),,,,,,,,,,,,,,
Flunarizine,,,,,,,,,,,,,,
Meclizine,,,,,,,,,,,,,,
Clebopride,,,,,,,,,,,,,,
Trifluoperazine,,,,,,,,,,,,,,
Granisetron,,,,,,,,,,,,,,
Palonosetron,,,,,,,,,,,,,,
Ramosetron,,,,,,,,,,,,,,
Aprepitant,,,,,,,,,,,,,,
Divalproex,,,,,,,,,,,,,,
Sodium Valproate,,,,,,,,,,,,,,
Valproic Acid,,,,,,,,,,,,,,
Carbamazepine,,,,,,,,,,,,,,
Lithium,,,,,,,,,,,,,,
Aripiprazole,,,,,,,,,,,,,,
Asenapine,,,,,,,,,,,,,,
Clozapine,,,,,,,,,,,,,,
Loxapine,,,,,,,,,,,,,,
Olanzapine,,,,,,,,,,,,,,
Paliperidone,,,,,,,,,,,,,,
Pimozide,,,,,,,,,,,,,,
Quetiapine Fumarate,,,,,,,,,,,,,,
Risperidone,,,,,,,,,,,,,,
Ziprasidone,,,,,,,,,,,,,,
Amisulpride,,,,,,,,,,,,,,
Levosulpiride,,,,,,,,,,,,,,
Sulpiride,,,,,,,,,,,,,,
Droperidol,,,,,,,,,,,,,,
Penfluridol,,,,,,,,,,,,,,
Fluphenazine,,,,,,,,,,,,,,
Thioridazine,,,,,,,,,,,,,,
Flupenthixol,,,,,,,,,,,,,,
Thiothixene,,,,,,,,,,,,,,
Zuclopenthixol,,,,,,,,,,,,,,
Armodafinil,,,,,,,,,,,,,,
Modafinil,,,,,,,,,,,,,,
Amphetamine,,,,,,,,,,,,,,
Caffeine,,,,,,,,,,,,,,
Methylphenidate,,,,,,,,,,,,,,
Donepezil,,,,,,,,,,,,,,
Galantamine,,,,,,,,,,,,,,
Huperzine A,,,,,,,,,,,,,,
Rivastigmine,,,,,,,,,,,,,,
Sulbutiamine,,,,,,,,,,,,,,
Tacrine,,,,,,,,,,,,,,
Codergocrine,,,,,,,,,,,,,,
Nicergoline,,,,,,,,,,,,,,
Pyritinol,,,,,,,,,,,,,,
Memantine,,,,,,,,,,,,,,
Citicoline,,,,,,,,,,,,,,
Ginkgo Biloba,,,,,,,,,,,,,,
Piracetam,,,,,,,,,,,,,,
Vinpocetine,,,,,,,,,,,,,,
Lacosamide,,,,,,,,,,,,,,
Phenobarbitone,,,,,,,,,,,,,,
Primidone,,,,,,,,,,,,,,
Levetiracetam,,,,,,,,,,,,,,
Gabapentin,,,,,,,,,,,,,,
Pregabalin,,,,,,,,,,,,,,
Fosphenytoin Sodium,,,,,,,,,,,,,,
Oxcarbazepine,,,,,,,,,,,,,,
Lamotrigine,,,,,,,,,,,,,,
Ethosuximide,,,,,,,,,,,,,,
Topiramate,,,,,,,,,,,,,,
Zonisamide,,,,,,,,,,,,,,
Melatonin,,,,,,,,,,,,,,
Triclofos,,,,,,,,,,,,,,
Eszopiclone,,,,,,,,,,,,,,
Zaleplon,,,,,,,,,,,,,,
Zolpidem,,,,,,,,,,,,,,
Zopiclone,,,,,,,,,,,,,,
Benzhexol,,,,,,,,,,,,,,
Benztropine,,,,,,,,,,,,,,
Procyclidine,,,,,,,,,,,,,,
Trihexyphenidyl,,,,,,,,,,,,,,
Entacapone,,,,,,,,,,,,,,
Amantadine,,,,,,,,,,,,,,
Benserazide,,,,,,,,,,,,,,
Bromocriptine,,,,,,,,,,,,,,
Cabergoline,,,,,,,,,,,,,,
Carbidopa,,,,,,,,,,,,,,
Levodopa,,,,,,,,,,,,,,
Lisuride,,,,,,,,,,,,,,
Piribedil,,,,,,,,,,,,,,
Pramipexole,,,,,,,,,,,,,,
Ropinirole,,,,,,,,,,,,,,
Tetrabenazine,,,,,,,,,,,,,,
Beclomethasone dipropionate,,,,,,,,,,,,,,
Deflazacort,,,,,,,,,,,,,,
Fluocinolone acetonide,,,,,,,,,,,,,,
Fluticasone,,,,,,,,,,,,,,
Mometasone,,,,,,,,,,,,,,
Prednisone,,,,,,,,,,,,,,
Amikacin,,,,,,,,,,,,,,
Gentamicin,,,,,,,,,,,,,,
Kanamycin,,,,,,,,,,,,,,
Neomycin,,,,,,,,,,,,,,
Netilmicin,,,,,,,,,,,,,,
Sisomicin,,,,,,,,,,,,,,
Streptomycin,,,,,,,,,,,,,,
Tobramycin,,,,,,,,,,,,,,
Cefdinir,,,,,,,,,,,,,,
Cefditoren,,,,,,,,,,,,,,
Cefetamet Pivoxil,,,,,,,,,,,,,,
Cefixime,,,,,,,,,,,,,,
Cefoperazone Sodium,,,,,,,,,,,,,,
Cefotaxime,,,,,,,,,,,,,,
Cefpodoxime,,,,,,,,,,,,,,
Ceftazidime,,,,,,,,,,,,,,
Ceftizoxime,,,,,,,,,,,,,,
Ceftriaxone,,,,,,,,,,,,,,
Cefepime,,,,,,,,,,,,,,
Cefipime,,,,,,,,,,,,,,
Cefpirome,,,,,,,,,,,,,,
Cefaclor,,,,,,,,,,,,,,
Cefprozil,,,,,,,,,,,,,,
Cefuroxime,,,,,,,,,,,,,,
Cefadroxil,,,,,,,,,,,,,,
Cefalexin,,,,,,,,,,,,,,
Cefaloridine,,,,,,,,,,,,,,
Cefazolin,,,,,,,,,,,,,,
Azithromycin,,,,,,,,,,,,,,
Clarithromycin,,,,,,,,,,,,,,
Erythromycin,,,,,,,,,,,,,,
Roxithromycin,,,,,,,,,,,,,,
Spiramycin,,,,,,,,,,,,,,
TELITHROMYCIN,,,,,,,,,,,,,,
Spectinomycin,,,,,,,,,,,,,,
Benzalkonium Chloride,,,,,,,,,,,,,,
Benzoxonium chloride,,,,,,,,,,,,,,
Cetalkonium,,,,,,,,,,,,,,
Triclosan,,,,,,,,,,,,,,
Chloramphenicol,,,,,,,,,,,,,,
Teicoplanin,,,,,,,,,,,,,,
Vancomycin,,,,,,,,,,,,,,
Clindamycin,,,,,,,,,,,,,,
Lincomycin,,,,,,,,,,,,,,
Nitrofurantoin,,,,,,,,,,,,,,
Linezolid,,,,,,,,,,,,,,
Bacitracin,,,,,,,,,,,,,,
Colistin Sulphate,,,,,,,,,,,,,,
Fusafungine,,,,,,,,,,,,,,
Polymyxin B,,,,,,,,,,,,,,
TYROTHRICIN,,,,,,,,,,,,,,
Clavulanic acid,,,,,,,,,,,,,,
Sulbactam Sodium,,,,,,,,,,,,,,
Tazobactam,,,,,,,,,,,,,,
Ertapenem,,,,,,,,,,,,,,
Imipenem,,,,,,,,,,,,,,
Meropenem,,,,,,,,,,,,,,
Cilastatin,,,,,,,,,,,,,,
Aztreonam,,,,,,,,,,,,,,
Faropenem,,,,,,,,,,,,,,
Benzathine Penicillin,,,,,,,,,,,,,,
Benzyl Penicillin,,,,,,,,,,,,,,
Penicillin G,,,,,,,,,,,,,,
Penicillin G Benzathine,,,,,,,,,,,,,,
Penicillin V,,,,,,,,,,,,,,
Phenoxymethyl Penicillin,,,,,,,,,,,,,,
Amoxycillin,,,,,,,,,,,,,,
Ampicillin,,,,,,,,,,,,,,
Bacampicillin,,,,,,,,,,,,,,
Mezlocillin,,,,,,,,,,,,,,
Piperacillin,,,,,,,,,,,,,,
Sultamicillin,,,,,,,,,,,,,,
Ticarcillin,,,,,,,,,,,,,,
Cloxacillin,,,,,,,,,,,,,,
Dicloxacillin,,,,,,,,,,,,,,
Methicillin,,,,,,,,,,,,,,
Nafcillin,,,,,,,,,,,,,,
Oxacillin,,,,,,,,,,,,,,
Nalidixic Acid,,,,,,,,,,,,,,
Ciprofloxacin,,,,,,,,,,,,,,
Levofloxacin,,,,,,,,,,,,,,
Lomefloxacin,,,,,,,,,,,,,,
Nadifloxacin,,,,,,,,,,,,,,
Norfloxacin,,,,,,,,,,,,,,
Ofloxacin,,,,,,,,,,,,,,
Pefloxacin,,,,,,,,,,,,,,
Balofloxacin,,,,,,,,,,,,,,
Gatifloxacin,,,,,,,,,,,,,,
Sparfloxacin,,,,,,,,,,,,,,
Gemifloxacin,,,,,,,,,,,,,,
Moxifloxacin,,,,,,,,,,,,,,
Prulifloxacin,,,,,,,,,,,,,,
Co-trimoxazole,,,,,,,,,,,,,,
Sulfamoxole,,,,,,,,,,,,,,
Sulphadoxine,,,,,,,,,,,,,,
Sulfadiazine,,,,,,,,,,,,,,
Demeclocycline,,,,,,,,,,,,,,
Lymecycline,,,,,,,,,,,,,,
Methacycline,,,,,,,,,,,,,,
Doxycycline,,,,,,,,,,,,,,
Minocycline,,,,,,,,,,,,,,
Tigecycline,,,,,,,,,,,,,,
Chlortetracycline,,,,,,,,,,,,,,
Oxytetracycline,,,,,,,,,,,,,,
Tetracycline,,,,,,,,,,,,,,
Chlorhexidine,,,,,,,,,,,,,,
Dequalinium chloride Mouth Paint,,,,,,,,,,,,,,
Tannic acid,,,,,,,,,,,,,,
Triamcinolone acetonide Mouth Paste,,,,,,,,,,,,,,
Formaldehyde,,,,,,,,,,,,,,
Potassium Nitrate,,,,,,,,,,,,,,
Strontium Chloride,,,,,,,,,,,,,,
Zinc Sulphate,,,,,,,,,,,,,,
Povidone Iodine Mouth Wash,,,,,,,,,,,,,,
Sodium Perborate,,,,,,,,,,,,,,
Sodium fluoride Mouth Wash,,,,,,,,,,,,,,
Sodium monoflurophosphate,,,,,,,,,,,,,,
Clotrimazole Dental,,,,,,,,,,,,,,
Hamycin,,,,,,,,,,,,,,
Acetic acid,,,,,,,,,,,,,,
Chloramphenicol (Eye/Ear Drops),,,,,,,,,,,,,,
Ciprofloxacin (Eye/Ear Drops),,,,,,,,,,,,,,
Ciprofloxacin Topical,,,,,,,,,,,,,,
Clioquinol,,,,,,,,,,,,,,
Framycetin,,,,,,,,,,,,,,
Fusidic acid,,,,,,,,,,,,,,
Gentamicin (Eye/Ear Drops),,,,,,,,,,,,,,
Gentamicin Topical,,,,,,,,,,,,,,
Lincomycin Topical,,,,,,,,,,,,,,
Mupirocin,,,,,,,,,,,,,,
Nitrofurazone,,,,,,,,,,,,,,
Norfloxacin (E/E),,,,,,,,,,,,,,
Oxytetracycline Topical,,,,,,,,,,,,,,
Sisomicin Topical,,,,,,,,,,,,,,
Sodium Fusidate,,,,,,,,,,,,,,
Soframycin,,,,,,,,,,,,,,
Trimethoprim,,,,,,,,,,,,,,
Amphotericin B (Eye Pre.),,,,,,,,,,,,,,
Ciclopiroxolamine,,,,,,,,,,,,,,
Clotrimazole,,,,,,,,,,,,,,
Clotrimazole (Ear Drops),,,,,,,,,,,,,,
Fluconazole (Eye Prep.),,,,,,,,,,,,,,
Isoconazole,,,,,,,,,,,,,,
Ketoconazole,,,,,,,,,,,,,,
Ketoconazole (Eye Prep.),,,,,,,,,,,,,,
Miconazole,,,,,,,,,,,,,,
Miconazole (Eye Prep.),,,,,,,,,,,,,,
Natamycin (Eye Prep.),,,,,,,,,,,,,,
Nystatin,,,,,,,,,,,,,,
Selenium Sulphide,,,,,,,,,,,,,,
Sodium Sulfacetamide,,,,,,,,,,,,,,
Teraconazole,,,,,,,,,,,,,,
Zinc pyrithione,,,,,,,,,,,,,,
Dibucaine,,,,,,,,,,,,,,
Paradichlorobenzene,,,,,,,,,,,,,,
Sodium Fluoride,,,,,,,,,,,,,,
Neomycin (Nasal),,,,,,,,,,,,,,
Azelastine,,,,,,,,,,,,,,
Beclomethasone (Nasal),,,,,,,,,,,,,,
Betamethasone (Nasal),,,,,,,,,,,,,,
Budesonide (Nasal),,,,,,,,,,,,,,
Hydrocortisone (Nasal),,,,,,,,,,,,,,
Ipratropium Bromide (Nasal),,,,,,,,,,,,,,
Mometasone (Nasal),,,,,,,,,,,,,,
Sodium Cromoglycate (Nasal),,,,,,,,,,,,,,
Ephedrine (Nasal),,,,,,,,,,,,,,
Naphazoline,,,,,,,,,,,,,,
Oxymetazoline,,,,,,,,,,,,,,
Pheniramine Maleate (Nasal),,,,,,,,,,,,,,
Phenylephrine (Nasal),,,,,,,,,,,,,,
Sodium Chloride,,,,,,,,,,,,,,
Xylometazoline,,,,,,,,,,,,,,
Sodium Bicarbonate,,,,,,,,,,,,,,
Bivalirudin,,,,,,,,,,,,,,
Heparin Topical,,,,,,,,,,,,,,
Heparinoids,,,,,,,,,,,,,,
Dicyclomine,,,,,,,,,,,,,,
Aminophylline,,,,,,,,,,,,,,
Glucagon,,,,,,,,,,,,,,
Sumatriptan,,,,,,,,,,,,,,
Polystrene sulphonate resin,,,,,,,,,,,,,,
Potassium chloride Injection,,,,,,,,,,,,,,
Electrolyte E,,,,,,,,,,,,,,
Electrolyte M,,,,,,,,,,,,,,
Electrolyte R,,,,,,,,,,,,,,
Multiple Electrolyte G,,,,,,,,,,,,,,
Multiple Electrolyte P,,,,,,,,,,,,,,
Soyabean oil,,,,,,,,,,,,,,
Triglycerides,,,,,,,,,,,,,,
Dextrose 10%,,,,,,,,,,,,,,
Dextrose 20%,,,,,,,,,,,,,,
Dextrose 25%,,,,,,,,,,,,,,
Dextrose 5%,,,,,,,,,,,,,,
Dextrose 50%,,,,,,,,,,,,,,
Molar Lactate,,,,,,,,,,,,,,
NaCl 0.33%,,,,,,,,,,,,,,
NaCl 0.45%,,,,,,,,,,,,,,
Normal Saline - 0.9% NaCl,,,,,,,,,,,,,,
Ringer Lactate,,,,,,,,,,,,,,
Albumin,,,,,,,,,,,,,,
Dextran,,,,,,,,,,,,,,
Human Albumin,,,,,,,,,,,,,,
Hydroxyethyl Starch,,,,,,,,,,,,,,
Polygeline,,,,,,,,,,,,,,
Dialysis Fluids,,,,,,,,,,,,,,
Glycine,,,,,,,,,,,,,,
Irrigation Solutions,,,,,,,,,,,,,,
Desmopressin,,,,,,,,,,,,,,
Lypressin,,,,,,,,,,,,,,
Terlipressin,,,,,,,,,,,,,,
Vasopressin,,,,,,,,,,,,,,
Mesterolone,,,,,,,,,,,,,,
Methyl testosterone,,,,,,,,,,,,,,
Becaplermin,,,,,,,,,,,,,,
Epalrestat,,,,,,,,,,,,,,
Epidermal growth factor(EGF),,,,,,,,,,,,,,
Hypodermic Equipments,,,,,,,,,,,,,,
Exenatide,,,,,,,,,,,,,,
Biphasic Insulin Lispro,,,,,,,,,,,,,,
Insulin Isophane NPH,,,,,,,,,,,,,,
Insulin Zinc Suspension,,,,,,,,,,,,,,
Lente Insulin,,,,,,,,,,,,,,
Detemir Insulin,,,,,,,,,,,,,,
Insulin Glargine,,,,,,,,,,,,,,
Protamine Insulin Zinc Suspension,,,,,,,,,,,,,,
Ultra Lente,,,,,,,,,,,,,,
Acarbose,,,,,,,,,,,,,,
Miglitol,,,,,,,,,,,,,,
Voglibose,,,,,,,,,,,,,,
Metformin,,,,,,,,,,,,,,
Phenformin,,,,,,,,,,,,,,
Guargum,,,,,,,,,,,,,,
Nateglinide,,,,,,,,,,,,,,
Repaglinide,,,,,,,,,,,,,,
Chlorpropamide,,,,,,,,,,,,,,
Glibenclamide,,,,,,,,,,,,,,
Gliclazide,,,,,,,,,,,,,,
Glimepiride,,,,,,,,,,,,,,
Glipizide,,,,,,,,,,,,,,
Tolbutamide,,,,,,,,,,,,,,
Pioglitazone,,,,,,,,,,,,,,
Rosiglitazone,,,,,,,,,,,,,,
SITAGLIPTIN,,,,,,,,,,,,,,
VILDAGLIPTIN,,,,,,,,,,,,,,
Biphasic Insulin Aspart,,,,,,,,,,,,,,
Biphasic Isophane Insulin,,,,,,,,,,,,,,
Insulin Biphasic,,,,,,,,,,,,,,
Insulin Glulisine,,,,,,,,,,,,,,
Insulin Neutral,,,,,,,,,,,,,,
Insulin aspart,,,,,,,,,,,,,,
Aspartame,,,,,,,,,,,,,,
Glucomannan,,,,,,,,,,,,,,
Saccharin sodium,,,,,,,,,,,,,,
Insulin Lispro,,,,,,,,,,,,,,
Clomiphene,,,,,,,,,,,,,,
Triptorelin,,,,,,,,,,,,,,
Cetrorelix acetate,,,,,,,,,,,,,,
Follitropin Beta,,,,,,,,,,,,,,
Gonadotrophin F.S.H,,,,,,,,,,,,,,
Gonadotrophin L.H.,,,,,,,,,,,,,,
Human Chorionic Gonadotropin (HCG),,,,,,,,,,,,,,
Menotrophin,,,,,,,,,,,,,,
Urofollitrophin,,,,,,,,,,,,,,
Ormeloxifene,,,,,,,,,,,,,,
Raloxifene,,,,,,,,,,,,,,
Octreotide,,,,,,,,,,,,,,
Somatostatin,,,,,,,,,,,,,,
Diazoxide,,,,,,,,,,,,,,
Alendronate Sodium,,,,,,,,,,,,,,
Etidronate Sodium,,,,,,,,,,,,,,
Ibandronic acid,,,,,,,,,,,,,,
Pamidronate,,,,,,,,,,,,,,
Risedronate,,,,,,,,,,,,,,
Zoledronic acid,,,,,,,,,,,,,,
STRONTIUM RANEL,,,,,,,,,,,,,,
Alfacalcidol,,,,,,,,,,,,,,
Calcitriol,,,,,,,,,,,,,,
Calcium,,,,,,,,,,,,,,
Vitamin D3,,,,,,,,,,,,,,
Calcitonin,,,,,,,,,,,,,,
Salmon Calcitonin,,,,,,,,,,,,,,
Ipriflavone,,,,,,,,,,,,,,
Dutasteride,,,,,,,,,,,,,,
Intra-Uterine Devices,,,,,,,,,,,,,,
Nonoxinol,,,,,,,,,,,,,,
Carbimazole,,,,,,,,,,,,,,
Iodine,,,,,,,,,,,,,,
Methimazole,,,,,,,,,,,,,,
Potassium Iodide,,,,,,,,,,,,,,
Propylthiouracil,,,,,,,,,,,,,,
Thyroid Extract,,,,,,,,,,,,,,
Thyroxine,,,,,,,,,,,,,,
Corticotrophin,,,,,,,,,,,,,,
TETRACOSACTIDE,,,,,,,,,,,,,,
Somatropin,,,,,,,,,,,,,,
Boric acid,,,,,,,,,,,,,,
Carbinoxamine maleate,,,,,,,,,,,,,,
Dexchlorpheniramine Maleate,,,,,,,,,,,,,,
Diphenylpyraline,,,,,,,,,,,,,,
Naphazoline (Eye Pre.),,,,,,,,,,,,,,
Oxymetazoline (Eye Prep.),,,,,,,,,,,,,,
Phenylpropanolamine,,,,,,,,,,,,,,
Pseudoephedrine,,,,,,,,,,,,,,
Sodium borate,,,,,,,,,,,,,,
Ketotifen (Eye Pre.),,,,,,,,,,,,,,
Lodoxamide (Eye Pre.),,,,,,,,,,,,,,
Nedocromil (Eye Pre.),,,,,,,,,,,,,,
Olopatadine (Eye Pre.),,,,,,,,,,,,,,
Pemirolast (Eye Pre.),,,,,,,,,,,,,,
Sodium Cromoglycate (Eye Prep.),,,,,,,,,,,,,,
Tromethamine (Eye Pre.),,,,,,,,,,,,,,
Erythromycin (Eye Preparations),,,,,,,,,,,,,,
Gatifloxacin (Eye Prep.),,,,,,,,,,,,,,
Gramicidin,,,,,,,,,,,,,,
Lomefloxacin (Eye Prep.),,,,,,,,,,,,,,
Moxifloxacin (Eye Prep.),,,,,,,,,,,,,,
Norfloxacin (Eye Drops),,,,,,,,,,,,,,
Ofloxacin (Eye Prep.),,,,,,,,,,,,,,
Pefloxacin (Eye Prep.),,,,,,,,,,,,,,
Polymyxin B (Eye Prep.),,,,,,,,,,,,,,
Soframycin (Eye Preparation),,,,,,,,,,,,,,
Sparfloxacin (Eye Prep.),,,,,,,,,,,,,,
Sulphacetamide Sodium,,,,,,,,,,,,,,
Tobramycin (Eye Prep.),,,,,,,,,,,,,,
Acyclovir (Eye Prep.),,,,,,,,,,,,,,
Famciclovir (Eye Pre.),,,,,,,,,,,,,,
Foscarnet IV (Eye Pre.),,,,,,,,,,,,,,
Ganciclovir (Eye Pre.),,,,,,,,,,,,,,
Idoxuridine,,,,,,,,,,,,,,
Povidone iodine (eye drops),,,,,,,,,,,,,,
TRIFLURIDINE,,,,,,,,,,,,,,
Valacyclovir (Eye Pre.),,,,,,,,,,,,,,
Vidarabine (Eye Pre.),,,,,,,,,,,,,,
Aceclofenac Topical,,,,,,,,,,,,,,
Bromfenac Sodium,,,,,,,,,,,,,,
Celecoxib,,,,,,,,,,,,,,
Dexibuprofen,,,,,,,,,,,,,,
Diclofenac (Eye Prep.),,,,,,,,,,,,,,
Diclofenac Topical,,,,,,,,,,,,,,
Diflunisal,,,,,,,,,,,,,,
Etodolac,,,,,,,,,,,,,,
Felbinac Topical,,,,,,,,,,,,,,
Flurbiprofen (Eye Prep.),,,,,,,,,,,,,,
Flurbiprofen Topical,,,,,,,,,,,,,,
Ibuprofen Topical,,,,,,,,,,,,,,
Indomethacin (Eye Prep.),,,,,,,,,,,,,,
Ketoprofen Topical,,,,,,,,,,,,,,
Ketorolac (Eye Prep.),,,,,,,,,,,,,,
Loxoprofen Sodium,,,,,,,,,,,,,,
Naproxen Topical,,,,,,,,,,,,,,
Nepafenac,,,,,,,,,,,,,,
Nimesulide,,,,,,,,,,,,,,
Nimesulide Topical,,,,,,,,,,,,,,
Oxaprozin,,,,,,,,,,,,,,
Piroxicam,,,,,,,,,,,,,,
Piroxicam Topical,,,,,,,,,,,,,,
Pranoprofen,,,,,,,,,,,,,,
Salicylamide Topical,,,,,,,,,,,,,,
Valdecoxib,,,,,,,,,,,,,,
Valdecoxib Topical,,,,,,,,,,,,,,
Betamethasone (Eye/Ear),,,,,,,,,,,,,,
Clobetasone (Eye Pre.),,,,,,,,,,,,,,
Dexamethasone (Eye Pre.),,,,,,,,,,,,,,
Difluprednate (Eye Pre),,,,,,,,,,,,,,
Flouromethitone (Eye Pre.),,,,,,,,,,,,,,
Fluorometholone (Eye.Prep.),,,,,,,,,,,,,,
Hydrocortisone (Eye Pre.),,,,,,,,,,,,,,
Loteprednol (Eye Pre. ),,,,,,,,,,,,,,
Medrysone (Eye Pre.),,,,,,,,,,,,,,
Prednisolone (Eye Pre.),,,,,,,,,,,,,,
Rimexolone (Eye Pre.),,,,,,,,,,,,,,
Sodium iodide,,,,,,,,,,,,,,
Catalin,,,,,,,,,,,,,,
Apraclonidine,,,,,,,,,,,,,,
Brimonidine,,,,,,,,,,,,,,
Dipivefrine,,,,,,,,,,,,,,
Tizanidine,,,,,,,,,,,,,,
Aluminium Hydroxide,,,,,,,,,,,,,,
Magaldrate,,,,,,,,,,,,,,
Magnesium Aluminium Silicate,,,,,,,,,,,,,,
Magnesium Carbonate,,,,,,,,,,,,,,
Magnesium Hydroxide,,,,,,,,,,,,,,
Magnesium Trisilicate,,,,,,,,,,,,,,
Calcium chloride,,,,,,,,,,,,,,
Magnesium Chloride,,,,,,,,,,,,,,
Monobasic Calcium Phosphate,,,,,,,,,,,,,,
Sodium Phosphate Dried,,,,,,,,,,,,,,
Polyvinyl Alcohol,,,,,,,,,,,,,,
Camylofin dihydrochloride,,,,,,,,,,,,,,
Clidinium Bromide,,,,,,,,,,,,,,
Cyclopentolate,,,,,,,,,,,,,,
Eucatropine,,,,,,,,,,,,,,
Homatropine,,,,,,,,,,,,,,
Hyoscyamine,,,,,,,,,,,,,,
Isopropamide,,,,,,,,,,,,,,
Oxyphenonium,,,,,,,,,,,,,,
Pipenzolate Methylbromide,,,,,,,,,,,,,,
Propantheline Bromide,,,,,,,,,,,,,,
Scopolamine,,,,,,,,,,,,,,
Tropicamide,,,,,,,,,,,,,,
Carbomer,,,,,,,,,,,,,,
Hydroxy Propyl Cellulose,,,,,,,,,,,,,,
Hydroxypropyl Methyl Cellulose,,,,,,,,,,,,,,
Sodium Carboxy Methyl Cellulose,,,,,,,,,,,,,,
Sodium Hyaluronate (Eye P.),,,,,,,,,,,,,,
Carbachol,,,,,,,,,,,,,,
Pilocarpine,,,,,,,,,,,,,,
Bimatoprost,,,,,,,,,,,,,,
Latanoprost,,,,,,,,,,,,,,
Travoprost,,,,,,,,,,,,,,
Unoprostone,,,,,,,,,,,,,,
Pegabtanib,,,,,,,,,,,,,,
Bevacizumab,,,,,,,,,,,,,,
Ranibizumab,,,,,,,,,,,,,,
Verteporfin,,,,,,,,,,,,,,
Fluorescein Sodium,,,,,,,,,,,,,,
Trypan Blue,,,,,,,,,,,,,,
Proparacaine (Proxymetacaine ),,,,,,,,,,,,,,
Silicone Oil Sterile,,,,,,,,,,,,,,
Flupirtine,,,,,,,,,,,,,,
Buprenorphine,,,,,,,,,,,,,,
Butorphanol Tartarate,,,,,,,,,,,,,,
Dextropropoxyphene,,,,,,,,,,,,,,
NALBUPHINE,,,,,,,,,,,,,,
OXYCODONE,,,,,,,,,,,,,,
Pentazocine,,,,,,,,,,,,,,
Remifentanil,,,,,,,,,,,,,,
Tramadol,,,,,,,,,,,,,,
Sulindac,,,,,,,,,,,,,,
Dexketoprofen,,,,,,,,,,,,,,
Flufenamic acid,,,,,,,,,,,,,,
Aceclofenac,,,,,,,,,,,,,,
Diclofenac Diethyl Amine,,,,,,,,,,,,,,
Tolmetin,,,,,,,,,,,,,,
Nabumetone,,,,,,,,,,,,,,
Meloxicam,,,,,,,,,,,,,,
Tenoxicam,,,,,,,,,,,,,,
Analgin,,,,,,,,,,,,,,
Oxyphenbutazone,,,,,,,,,,,,,,
Phenylbutazone,,,,,,,,,,,,,,
Propylphenazone,,,,,,,,,,,,,,
Benzorylate,,,,,,,,,,,,,,
Choline salicylate,,,,,,,,,,,,,,
Salicylamide,,,,,,,,,,,,,,
Etoricoxib,,,,,,,,,,,,,,
Parecoxib,,,,,,,,,,,,,,
Rofecoxib,,,,,,,,,,,,,,
Colchicine,,,,,,,,,,,,,,
Allopurinol,,,,,,,,,,,,,,
Rasburicase,,,,,,,,,,,,,,
Probenecid,,,,,,,,,,,,,,
Sulfinpyrazone,,,,,,,,,,,,,,
Mebeverine,,,,,,,,,,,,,,
Eletriptan,,,,,,,,,,,,,,
Ergotamine,,,,,,,,,,,,,,
Naratriptan,,,,,,,,,,,,,,
Rizatriptan,,,,,,,,,,,,,,
ZOLMITRIPTAN,,,,,,,,,,,,,,
Cyproheptadine,,,,,,,,,,,,,,
Fenoverine,,,,,,,,,,,,,,
Ethanolamine Oleate,,,,,,,,,,,,,,
Polidocanol,,,,,,,,,,,,,,
Sodium Tetradecyl,,,,,,,,,,,,,,
Agar,,,,,,,,,,,,,,
Calcium Polycarbophil,,,,,,,,,,,,,,
Carboxy Methyl Cellulose (CMC),,,,,,,,,,,,,,
Gum Karaya,,,,,,,,,,,,,,
High Fibre,,,,,,,,,,,,,,
Isapgol Husk,,,,,,,,,,,,,,
Ispaghula Husk,,,,,,,,,,,,,,
Methyl Cellulose,,,,,,,,,,,,,,
Polycarbophil,,,,,,,,,,,,,,
Psyllium,,,,,,,,,,,,,,
Enemas,,,,,,,,,,,,,,
Lubiprostone,,,,,,,,,,,,,,
Paraffin,,,,,,,,,,,,,,
Sulfolax,,,,,,,,,,,,,,
Dioctyl Sodium Sulphosuccinate,,,,,,,,,,,,,,
Lactitol,,,,,,,,,,,,,,
Lactulose,,,,,,,,,,,,,,
MAGNESIUM SULPHATE,,,,,,,,,,,,,,
MINERAL OIL,,,,,,,,,,,,,,
Magnesium Citrate,,,,,,,,,,,,,,
Polyethylene Glycol (Macrogol),,,,,,,,,,,,,,
Bisacodyl,,,,,,,,,,,,,,
Castor Oil,,,,,,,,,,,,,,
Docusate Sodium,,,,,,,,,,,,,,
Phenolphthalein,,,,,,,,,,,,,,
Senna,,,,,,,,,,,,,,
Sodium Picosulphate,,,,,,,,,,,,,,
Kaolin,,,,,,,,,,,,,,
Furazolidone,,,,,,,,,,,,,,
Hydroxyquinolones,,,,,,,,,,,,,,
Iodochlorohydroxyquinoline,,,,,,,,,,,,,,
Metronidazole,,,,,,,,,,,,,,
Metronidazole I.V.,,,,,,,,,,,,,,
Diphenoxylate,,,,,,,,,,,,,,
Loperamide,,,,,,,,,,,,,,
Racecadotril,,,,,,,,,,,,,,
Pectin,,,,,,,,,,,,,,
Dextrose (ORS),,,,,,,,,,,,,,
Bacillus Clausii,,,,,,,,,,,,,,
Clostridium butyricum,,,,,,,,,,,,,,
Lactobacillus,,,,,,,,,,,,,,
Saccharomyces Boulardii,,,,,,,,,,,,,,
Artificial Saliva,,,,,,,,,,,,,,
Carminative oil,,,,,,,,,,,,,,
Dill Oil,,,,,,,,,,,,,,
Fennel oil,,,,,,,,,,,,,,
Chenodeoxycholic Acid,,,,,,,,,,,,,,
Ursodeoxycholic Acid,,,,,,,,,,,,,,
L-Ornithine L-Aspartate,,,,,,,,,,,,,,
Silymarin,,,,,,,,,,,,,,
Sorbitol,,,,,,,,,,,,,,
Tricholine citrate,,,,,,,,,,,,,,
Oxerutinum,,,,,,,,,,,,,,
Tribenosid,,,,,,,,,,,,,,
Cimetropium Bromide,,,,,,,,,,,,,,
Otilonium bromide,,,,,,,,,,,,,,
Pinaverium Bromide,,,,,,,,,,,,,,
Trimebutine,,,,,,,,,,,,,,
Prucalopride,,,,,,,,,,,,,,
Tegaserod,,,,,,,,,,,,,,
Cinitapride,,,,,,,,,,,,,,
Cisapride,,,,,,,,,,,,,,
Itopride,,,,,,,,,,,,,,
Mosapride,,,,,,,,,,,,,,
Camostat,,,,,,,,,,,,,,
Oxethazaine (Oxetacaine),,,,,,,,,,,,,,
Alpha-Galactosidase,,,,,,,,,,,,,,
Dimethicone,,,,,,,,,,,,,,
Dimethyl polysiloxane,,,,,,,,,,,,,,
Methyl Polysiloxane,,,,,,,,,,,,,,
Polydimethyl Siloxane,,,,,,,,,,,,,,
Simethicone,,,,,,,,,,,,,,
Alginic Acid,,,,,,,,,,,,,,
Carbenoxolone,,,,,,,,,,,,,,
Sodium Alginate,,,,,,,,,,,,,,
Deglycyrrhizinated Liquorice,,,,,,,,,,,,,,
Cimetidine,,,,,,,,,,,,,,
Lafutidine,,,,,,,,,,,,,,
Nizatidine,,,,,,,,,,,,,,
Roxatidine,,,,,,,,,,,,,,
Dexrabeprazole,,,,,,,,,,,,,,
Esomeprazole,,,,,,,,,,,,,,
Lansoprazole,,,,,,,,,,,,,,
Omeprazole,,,,,,,,,,,,,,
Pantoprazole,,,,,,,,,,,,,,
Rabeprazole,,,,,,,,,,,,,,
S- Pantoprazole,,,,,,,,,,,,,,
Azulene,,,,,,,,,,,,,,
Liquorice,,,,,,,,,,,,,,
Sucralfate,,,,,,,,,,,,,,
Tripotassium Dicitrato Bismuthate,,,,,,,,,,,,,,
Zinc L-Carnosine,,,,,,,,,,,,,,
Zinc carnosine,,,,,,,,,,,,,,
5-Amino Salicylic acid,,,,,,,,,,,,,,
Balsalazide,,,,,,,,,,,,,,
Mesalazine,,,,,,,,,,,,,,
Olsalazine,,,,,,,,,,,,,,
Sulphasalazine,,,,,,,,,,,,,,
Infliximab,,,,,,,,,,,,,,
Mannitol 10%,,,,,,,,,,,,,,
Amiloride,,,,,,,,,,,,,,
Triamterene,,,,,,,,,,,,,,
Benzthiazide,,,,,,,,,,,,,,
Hydroflumethiazide,,,,,,,,,,,,,,
Apomorphine,,,,,,,,,,,,,,
Sildenafil Citrate,,,,,,,,,,,,,,
Tadalafil,,,,,,,,,,,,,,
Vardenafil,,,,,,,,,,,,,,
Alfuzosin,,,,,,,,,,,,,,
Tamsulosin,,,,,,,,,,,,,,
Saw Palmetto Extract,,,,,,,,,,,,,,
Phenazopyridine,,,,,,,,,,,,,,
Bethanechol Chloride,,,,,,,,,,,,,,
Darifenacin,,,,,,,,,,,,,,
Flavoxate,,,,,,,,,,,,,,
Oxybutynin,,,,,,,,,,,,,,
Tolterodine Tartarate,,,,,,,,,,,,,,
Cycloserine,,,,,,,,,,,,,,
Mafenide,,,,,,,,,,,,,,
Sulfamethoxazole,,,,,,,,,,,,,,
Sulphamethizole,,,,,,,,,,,,,,
Citric acid,,,,,,,,,,,,,,
Disodium Hydrogen Citrate,,,,,,,,,,,,,,
POTASSIUM CITRATE,,,,,,,,,,,,,,
Sevelamer,,,,,,,,,,,,,,
Sodium citrate,,,,,,,,,,,,,,
Drotrecogin alfa,,,,,,,,,,,,,,
Basiliximab,,,,,,,,,,,,,,
Daclizumab,,,,,,,,,,,,,,
Monoclonal Antibodies,,,,,,,,,,,,,,
Muromonab-CD3,,,,,,,,,,,,,,
Everolimus,,,,,,,,,,,,,,
Mycophenolic Acid,,,,,,,,,,,,,,
Sirolimus,,,,,,,,,,,,,,
Leflunomide,,,,,,,,,,,,,,
Cyclosporin A,,,,,,,,,,,,,,
Tacrolimus,,,,,,,,,,,,,,
Tacrolimus Topical,,,,,,,,,,,,,,
Mycobacterium (Killed),,,,,,,,,,,,,,
Chondroitin Sulphate,,,,,,,,,,,,,,
Ethyl sulfonyl ethane,,,,,,,,,,,,,,
Glucosamine,,,,,,,,,,,,,,
Methyl sulfonyl methane,,,,,,,,,,,,,,
Chloroquine,,,,,,,,,,,,,,
Hydroxychloroquine sulphate,,,,,,,,,,,,,,
Hyaluronic acid,,,,,,,,,,,,,,
D-Penicillamine,,,,,,,,,,,,,,
Auranofin (Gold),,,,,,,,,,,,,,
Cetyl Myristoleate,,,,,,,,,,,,,,
Diacerein,,,,,,,,,,,,,,
Adalimumab,,,,,,,,,,,,,,
Etanercept,,,,,,,,,,,,,,
Cyclobenzaprine,,,,,,,,,,,,,,
Baclofen,,,,,,,,,,,,,,
Thiocolchicoside,,,,,,,,,,,,,,
Carisoprodol,,,,,,,,,,,,,,
Chlormezanone,,,,,,,,,,,,,,
Chlorzoxazone,,,,,,,,,,,,,,
Mephenesin,,,,,,,,,,,,,,
Meprobamate,,,,,,,,,,,,,,
Metaxalone,,,,,,,,,,,,,,
Methocarbamol,,,,,,,,,,,,,,
Edrophonium,,,,,,,,,,,,,,
Chlortenoxicam,,,,,,,,,,,,,,
Lornoxicam,,,,,,,,,,,,,,
Botulinum Injection,,,,,,,,,,,,,,
Dantrolene sodium,,,,,,,,,,,,,,
Quinine sulphate,,,,,,,,,,,,,,
Cisatracurium Bezylate,,,,,,,,,,,,,,
Rocuronium,,,,,,,,,,,,,,
D-tubocurarine,,,,,,,,,,,,,,
Doxacurium,,,,,,,,,,,,,,
Gallamine triethiodide,,,,,,,,,,,,,,
Mivacurium,,,,,,,,,,,,,,
Decamethonium,,,,,,,,,,,,,,
Benzyl nicotinate,,,,,,,,,,,,,,
Capsaicin,,,,,,,,,,,,,,
Capsicum,,,,,,,,,,,,,,
Cinnamon oil,,,,,,,,,,,,,,
Diethylamine salicylate,,,,,,,,,,,,,,
Eucalyptus oil,,,,,,,,,,,,,,
Glycol salicylate,,,,,,,,,,,,,,
Menthol,,,,,,,,,,,,,,
Methyl nicotinate,,,,,,,,,,,,,,
Methyl salicylate,,,,,,,,,,,,,,
Turpentine oil,,,,,,,,,,,,,,
Amino acids,,,,,,,,,,,,,,
Choline,,,,,,,,,,,,,,
Glutamic Acid,,,,,,,,,,,,,,
L-Arginine,,,,,,,,,,,,,,
L-Glutamine,,,,,,,,,,,,,,
L-Methionine,,,,,,,,,,,,,,
Lysine,,,,,,,,,,,,,,
Racemethionine,,,,,,,,,,,,,,
S-Adenosyl-L-Methionine,,,,,,,,,,,,,,
Taurine,,,,,,,,,,,,,,
Essential Amino Acids,,,,,,,,,,,,,,
Non-Essential Amino Acids,,,,,,,,,,,,,,
Ferrous Bis-Glycinate,,,,,,,,,,,,,,
Iron (Carbonyl Iron),,,,,,,,,,,,,,
Iron (Ferric ammonium citrate),,,,,,,,,,,,,,
Iron (Ferrous amino-aceto sulphate),,,,,,,,,,,,,,
Iron (Ferrous ammonium citrate),,,,,,,,,,,,,,
Iron (Ferrous ascorbate),,,,,,,,,,,,,,
Iron (Ferrous calcium citrate),,,,,,,,,,,,,,
Iron (Ferrous fumarate),,,,,,,,,,,,,,
Iron (Ferrous gluconate),,,,,,,,,,,,,,
Iron (Ferrous glycine sulphate),,,,,,,,,,,,,,
Iron (Ferrous succinate),,,,,,,,,,,,,,
Iron (Ferrous sulphate),,,,,,,,,,,,,,
Iron (Haemoglobin),,,,,,,,,,,,,,
Iron (Liver extract),,,,,,,,,,,,,,
Iron (Sodium Feredetate),,,,,,,,,,,,,,
Iron ammonium citrate,,,,,,,,,,,,,,
Iron colloidal,,,,,,,,,,,,,,
Iron lll Hydroxide Polymaltose (IPC),,,,,,,,,,,,,,
Iron protein succinylate,,,,,,,,,,,,,,
Iron Dextran,,,,,,,,,,,,,,
Iron Hydroxide Sucrose Complex,,,,,,,,,,,,,,
Iron Sorbitol Citrate Acid,,,,,,,,,,,,,,
Iron Sucrose,,,,,,,,,,,,,,
Sodium Ferric Gluconate,,,,,,,,,,,,,,
Epoetin Beta,,,,,,,,,,,,,,
Erythropoietin,,,,,,,,,,,,,,
Sibutramine,,,,,,,,,,,,,,
Alpha-Lipoic acid,,,,,,,,,,,,,,
Astaxanthine,,,,,,,,,,,,,,
Beta Carotene,,,,,,,,,,,,,,
Bilberry Extract,,,,,,,,,,,,,,
Carotenoids,,,,,,,,,,,,,,
Co Enzyme Q10,,,,,,,,,,,,,,
Curcuminoids,,,,,,,,,,,,,,
DL-methionine,,,,,,,,,,,,,,
Evening Primrose Oil,,,,,,,,,,,,,,
Flaxseed oil,,,,,,,,,,,,,,
Gamma linolenic acid,,,,,,,,,,,,,,
Glutathione,,,,,,,,,,,,,,
Grape Seed Extract,,,,,,,,,,,,,,
Idebenone,,,,,,,,,,,,,,
Isoflavones,,,,,,,,,,,,,,
L-carnitine,,,,,,,,,,,,,,
Linseed Oil,,,,,,,,,,,,,,
Lutein,,,,,,,,,,,,,,
Lycopene,,,,,,,,,,,,,,
Pine Bark Extract,,,,,,,,,,,,,,
Proanthocyanidin,,,,,,,,,,,,,,
Pyenogenol,,,,,,,,,,,,,,
Resveratrol,,,,,,,,,,,,,,
Sodium Metabisulfite,,,,,,,,,,,,,,
Soya (Soya isoflavones),,,,,,,,,,,,,,
Vitamin A,,,,,,,,,,,,,,
Vitamin C,,,,,,,,,,,,,,
Vitamin E,,,,,,,,,,,,,,
Wheat Germ Oil,,,,,,,,,,,,,,
Zeaxanthin,,,,,,,,,,,,,,
Zinc Ascorbate,,,,,,,,,,,,,,
Phosphoric acid,,,,,,,,,,,,,,
Potassium chloride,,,,,,,,,,,,,,
Boran,,,,,,,,,,,,,,
Calcium Orotate,,,,,,,,,,,,,,
Calcium (Microcrystalline hydroxyapatite concentrate),,,,,,,,,,,,,,
Calcium Acetate,,,,,,,,,,,,,,
Calcium Citrate Malate,,,,,,,,,,,,,,
Calcium Glubionate,,,,,,,,,,,,,,
Calcium Gluconate,,,,,,,,,,,,,,
Coral Calcium,,,,,,,,,,,,,,
Magnesium Oxide,,,,,,,,,,,,,,
Borax,,,,,,,,,,,,,,
Boron,,,,,,,,,,,,,,
Chromium,,,,,,,,,,,,,,
Copper,,,,,,,,,,,,,,
Magnesium,,,,,,,,,,,,,,
Manganese,,,,,,,,,,,,,,
Minerals,,,,,,,,,,,,,,
Molybdenum,,,,,,,,,,,,,,
Phosphorus,,,,,,,,,,,,,,
Selenium,,,,,,,,,,,,,,
Silicon,,,,,,,,,,,,,,
Sodium,,,,,,,,,,,,,,
Vanadium,,,,,,,,,,,,,,
Zinc,,,,,,,,,,,,,,
Beta Sitosterol,,,,,,,,,,,,,,
Carbohydrates,,,,,,,,,,,,,,
Cod liver oil,,,,,,,,,,,,,,
Dextrose,,,,,,,,,,,,,,
Essential phospholipids,,,,,,,,,,,,,,
Fat,,,,,,,,,,,,,,
Fructo-oligosaccharides,,,,,,,,,,,,,,
Fructose,,,,,,,,,,,,,,
Glucose,,,,,,,,,,,,,,
L.rhamnosus,,,,,,,,,,,,,,
Protein,,,,,,,,,,,,,,
Spirulina,,,,,,,,,,,,,,
Suppliment Nutrition,,,,,,,,,,,,,,
Vitamins,,,,,,,,,,,,,,
Malt Extract,,,,,,,,,,,,,,
Bacillus mesentricus,,,,,,,,,,,,,,
Bifido bacterium,,,,,,,,,,,,,,
Saccharomyces cerevisiae,,,,,,,,,,,,,,
Streptococcus faecalis,,,,,,,,,,,,,,
Streptococcus lactis,,,,,,,,,,,,,,
Streptococcus thermophilus,,,,,,,,,,,,,,
Benfotiamine,,,,,,,,,,,,,,
Menaquinone-7 or MK-7,,,,,,,,,,,,,,
Vitamin D5,,,,,,,,,,,,,,
Vitamin k2-7,,,,,,,,,,,,,,
Multivitamins,,,,,,,,,,,,,,
Vitamin B-Complex,,,,,,,,,,,,,,
Adenosylcobalamin,,,,,,,,,,,,,,
Biotin,,,,,,,,,,,,,,
Calcium Pantothenate,,,,,,,,,,,,,,
Folic Acid,,,,,,,,,,,,,,
Folinic Acid (5-formyl tetrahydrofolate),,,,,,,,,,,,,,
Inositol,,,,,,,,,,,,,,
L-Methyl folate,,,,,,,,,,,,,,
Levomefolic acid,,,,,,,,,,,,,,
Mecobalamin,,,,,,,,,,,,,,
Nicotinamide,,,,,,,,,,,,,,
Panthenol,,,,,,,,,,,,,,
Pyridoxine,,,,,,,,,,,,,,
Vit B1,,,,,,,,,,,,,,
Vit B12,,,,,,,,,,,,,,
Vit B2,,,,,,,,,,,,,,
Vit B3,,,,,,,,,,,,,,
Vit B5,,,,,,,,,,,,,,
Vit B6,,,,,,,,,,,,,,
Vit B7,,,,,,,,,,,,,,
Guaiphenesin,,,,,,,,,,,,,,
Lubricating jelly,,,,,,,,,,,,,,
Sodium Hyaluronate,,,,,,,,,,,,,,
Dienoestrol,,,,,,,,,,,,,,
Estriol,,,,,,,,,,,,,,
Glycogen,,,,,,,,,,,,,,
Lactoserum,,,,,,,,,,,,,,
Ethacridine Lactate,,,,,,,,,,,,,,
Mifepristone,,,,,,,,,,,,,,
Tinidazole,,,,,,,,,,,,,,
Cetrimide,,,,,,,,,,,,,,
Chlorocresol,,,,,,,,,,,,,,
Chloroxylenol,,,,,,,,,,,,,,
Diazolidinylurea,,,,,,,,,,,,,,
Dichloroxylenol,,,,,,,,,,,,,,
Gentian Violet,,,,,,,,,,,,,,
Hydrogen Peroxide,,,,,,,,,,,,,,
Mercurochrome,,,,,,,,,,,,,,
POTASSIUM PERMANGANATE,,,,,,,,,,,,,,
Phenoxyethanol,,,,,,,,,,,,,,
Policresulen,,,,,,,,,,,,,,
Povidone Iodine,,,,,,,,,,,,,,
Silver Sulphadiazine,,,,,,,,,,,,,,
Sodium Louryl Sulphate (SLS),,,,,,,,,,,,,,
Trichlorocarbanilide,,,,,,,,,,,,,,
Triclocarban,,,,,,,,,,,,,,
Ornidazole,,,,,,,,,,,,,,
Satranidazole,,,,,,,,,,,,,,
Secnidazole,,,,,,,,,,,,,,
Terbinafine,,,,,,,,,,,,,,
Griseofulvin,,,,,,,,,,,,,,
Eberconazole,,,,,,,,,,,,,,
Amphotericin-B,,,,,,,,,,,,,,
Fluconazole,,,,,,,,,,,,,,
Itraconazole,,,,,,,,,,,,,,
Rifampicin,,,,,,,,,,,,,,
Clofazimine,,,,,,,,,,,,,,
Dapsone,,,,,,,,,,,,,,
Ethionamide,,,,,,,,,,,,,,
Thalidomide,,,,,,,,,,,,,,
Bulaquine,,,,,,,,,,,,,,
Primaquine,,,,,,,,,,,,,,
Mepacrine,,,,,,,,,,,,,,
Proguanil,,,,,,,,,,,,,,
Pyrimethamine,,,,,,,,,,,,,,
Banflumetol,,,,,,,,,,,,,,
Lumefantrine,,,,,,,,,,,,,,
Mefloquine,,,,,,,,,,,,,,
Arteether,,,,,,,,,,,,,,
Artemether,,,,,,,,,,,,,,
Artesunate,,,,,,,,,,,,,,
Diloxanide Furoate,,,,,,,,,,,,,,
Iodoquinol,,,,,,,,,,,,,,
Quiniodochlor,,,,,,,,,,,,,,
Dehydroemetine,,,,,,,,,,,,,,
Sodium Antimony Gluconate,,,,,,,,,,,,,,
Eflornithine,,,,,,,,,,,,,,
Ethambutol,,,,,,,,,,,,,,
Isoniazid,,,,,,,,,,,,,,
Pyrazinamide,,,,,,,,,,,,,,
Rifabutin,,,,,,,,,,,,,,
Rifapentin,,,,,,,,,,,,,,
Capreomycin,,,,,,,,,,,,,,
PAS,,,,,,,,,,,,,,
Prothionamide,,,,,,,,,,,,,,
Ganciclovir,,,,,,,,,,,,,,
Efavirenz,,,,,,,,,,,,,,
Nevirapine,,,,,,,,,,,,,,
Abacavir,,,,,,,,,,,,,,
Didanosine,,,,,,,,,,,,,,
Lamivudine,,,,,,,,,,,,,,
Stavudine,,,,,,,,,,,,,,
Zidovudine,,,,,,,,,,,,,,
Indinavir,,,,,,,,,,,,,,
Lopinavir,,,,,,,,,,,,,,
Nelfinavir,,,,,,,,,,,,,,
Ritonavir,,,,,,,,,,,,,,
Saquinavir,,,,,,,,,,,,,,
Adefovir,,,,,,,,,,,,,,
Entecavir,,,,,,,,,,,,,,
Ribavirin,,,,,,,,,,,,,,
Acyclovir,,,,,,,,,,,,,,
Famciclovir,,,,,,,,,,,,,,
Valaciclovir,,,,,,,,,,,,,,
Oseltamivir,,,,,,,,,,,,,,
Acamprosate,,,,,,,,,,,,,,
Disulfiram,,,,,,,,,,,,,,
Varenicline Tartrate,,,,,,,,,,,,,,
Activated Charcoal,,,,,,,,,,,,,,
Metadoxine,,,,,,,,,,,,,,
Leucovorin,,,,,,,,,,,,,,
Lanthanum Carbonate,,,,,,,,,,,,,,
METHYLENE BLUE,,,,,,,,,,,,,,
Flumazenil,,,,,,,,,,,,,,
Amyl Nitrite,,,,,,,,,,,,,,
Sodium Nitrite,,,,,,,,,,,,,,
Sodium Thiosulfate,,,,,,,,,,,,,,
Dexrazoxane,,,,,,,,,,,,,,
Lavage Solution,,,,,,,,,,,,,,
Dimercaprol,,,,,,,,,,,,,,
Sodium Edetate,,,,,,,,,,,,,,
Deferasirox,,,,,,,,,,,,,,
Deferiprone,,,,,,,,,,,,,,
Desferrioxamine,,,,,,,,,,,,,,
Ethanol,,,,,,,,,,,,,,
Fomepizole,,,,,,,,,,,,,,
Naloxone,,,,,,,,,,,,,,
Naltrexone,,,,,,,,,,,,,,
Asoxime chloride,,,,,,,,,,,,,,
Pralidoxime,,,,,,,,,,,,,,
N-acetylcysteine,,,,,,,,,,,,,,
Anti Snake Venom,,,,,,,,,,,,,,
Diphtheria Antitoxin,,,,,,,,,,,,,,
Gas Gangrene Antitoxin,,,,,,,,,,,,,,
Tetanus Antitoxin,,,,,,,,,,,,,,
"Anti ""T"" lymphocytic globulin",,,,,,,,,,,,,,
Anti Thymocyte Globulin,,,,,,,,,,,,,,
Anti-D Immune Globulin,,,,,,,,,,,,,,
Gammaglobulin,,,,,,,,,,,,,,
Hepatitis B Immunoglobulin,,,,,,,,,,,,,,
Human Anti-D Immunoglobulin,,,,,,,,,,,,,,
Human Normal Immunoglobulin,,,,,,,,,,,,,,
Ig G,,,,,,,,,,,,,,
Rabies Immunoglobulin,,,,,,,,,,,,,,
Rho (D) Immune Globulin,,,,,,,,,,,,,,
Tetanus Immunoglobulin,,,,,,,,,,,,,,
Cervarix,,,,,,,,,,,,,,
Chicken Pox Vaccine,,,,,,,,,,,,,,
Cholera Vaccine,,,,,,,,,,,,,,
DPT Vaccine,,,,,,,,,,,,,,
Diphtheria and Tetanus Toxoid,,,,,,,,,,,,,,
Diphtheria toxoid,,,,,,,,,,,,,,
HPV Quadrivalent Vaccine,,,,,,,,,,,,,,
Haemophilus b Conjugate Vaccine,,,,,,,,,,,,,,
Hepatitis A Vaccine,,,,,,,,,,,,,,
Hepatitis B Vaccine,,,,,,,,,,,,,,
"Inactivated types 1,2,3 poliomyelitis vaccine",,,,,,,,,,,,,,
Influenza Vaccine,,,,,,,,,,,,,,
Measles Vaccine,,,,,,,,,,,,,,
Meningitis Vaccine,,,,,,,,,,,,,,
Meningococcal A C Y And W-135 Polysaccharide Vaccine Combined,,,,,,,,,,,,,,
Mumps Vaccine,,,,,,,,,,,,,,
Pertusis vaccine,,,,,,,,,,,,,,
Pneumococcal Vaccine,,,,,,,,,,,,,,
Polio Vaccine - Oral,,,,,,,,,,,,,,
Rabies Vaccine,,,,,,,,,,,,,,
Rota Virus Vaccine,,,,,,,,,,,,,,
Rubella Vaccine,,,,,,,,,,,,,,
Tetanus Toxoid,,,,,,,,,,,,,,
Typhoid Vaccine,,,,,,,,,,,,,,
Yellow Fever Vaccine,,,,,,,,,,,,,,
Gadopentetic acid dimeglumine,,,,,,,,,,,,,,
Iohexol,,,,,,,,,,,,,,
Iopanoic acid,,,,,,,,,,,,,,
Iopromide,,,,,,,,,,,,,,
Meglumine diatrizoate,,,,,,,,,,,,,,
Meglumine iothalamate,,,,,,,,,,,,,,
Sodium iothalamate,,,,,,,,,,,,,,
Embramine,,,,,,,,,,,,,,
MEQUITAZINE,,,,,,,,,,,,,,
Azatadine,,,,,,,,,,,,,,
Buclizine,,,,,,,,,,,,,,
Pheniramine Maleate,,,,,,,,,,,,,,
Trimeprazine,,,,,,,,,,,,,,
Brompheniramine Maleate,,,,,,,,,,,,,,
Chlorpheniramine Maleate,,,,,,,,,,,,,,
Clemastine,,,,,,,,,,,,,,
Dimethindene Maleate,,,,,,,,,,,,,,
Mebhydroline,,,,,,,,,,,,,,
Mepyramine,,,,,,,,,,,,,,
Methdilazine,,,,,,,,,,,,,,
Triprolidine,,,,,,,,,,,,,,
Acrivastine,,,,,,,,,,,,,,
Astemizole,,,,,,,,,,,,,,
Cetirizine,,,,,,,,,,,,,,
Desloratadine,,,,,,,,,,,,,,
Ebastine,,,,,,,,,,,,,,
Fexofenadine,,,,,,,,,,,,,,
Levocetirizine,,,,,,,,,,,,,,
Loratadine,,,,,,,,,,,,,,
Mizolastine,,,,,,,,,,,,,,
Olopatadine(Oral),,,,,,,,,,,,,,
Rupatadine Fumarate,,,,,,,,,,,,,,
Terfenadine,,,,,,,,,,,,,,
Ketotifen,,,,,,,,,,,,,,
Nedocromil,,,,,,,,,,,,,,
Sodium Cromoglycate,,,,,,,,,,,,,,
Omalizumab,,,,,,,,,,,,,,
Budesonide Tab,,,,,,,,,,,,,,
Montelukast,,,,,,,,,,,,,,
Pranlucast,,,,,,,,,,,,,,
Zafirlukast,,,,,,,,,,,,,,
Zileuton,,,,,,,,,,,,,,
Ipratropium Bromide,,,,,,,,,,,,,,
Oxitropium Bromide,,,,,,,,,,,,,,
Tiotropium,,,,,,,,,,,,,,
Acebrophylline,,,,,,,,,,,,,,
Choline Theophyllinate,,,,,,,,,,,,,,
Doxofylline,,,,,,,,,,,,,,
Etophylline,,,,,,,,,,,,,,
Theophylline,,,,,,,,,,,,,,
Albuterol,,,,,,,,,,,,,,
Arformoterol tartrate,,,,,,,,,,,,,,
Bambuterol,,,,,,,,,,,,,,
Indacaterol Maleate,,,,,,,,,,,,,,
Levalbuterol,,,,,,,,,,,,,,
Levosalbutamol,,,,,,,,,,,,,,
Orciprenaline,,,,,,,,,,,,,,
Beclomethasone Inhalers,,,,,,,,,,,,,,
Budesonide Inhalers,,,,,,,,,,,,,,
Ciclesonide,,,,,,,,,,,,,,
Fluticasone Inhalers,,,,,,,,,,,,,,
Formoterol Inhalers,,,,,,,,,,,,,,
Dry Powder Inhaler,,,,,,,,,,,,,,
Nebulizer,,,,,,,,,,,,,,
Spacers,,,,,,,,,,,,,,
Adrenaline (Inhalers),,,,,,,,,,,,,,
Levosalbutamol (Inhalers),,,,,,,,,,,,,,
Salbutamol (Inhalers),,,,,,,,,,,,,,
Salmeterol,,,,,,,,,,,,,,
Benzonatate,,,,,,,,,,,,,,
Butamirate Citrate,,,,,,,,,,,,,,
Chloroform,,,,,,,,,,,,,,
Codeine,,,,,,,,,,,,,,
Dextromethorphan,,,,,,,,,,,,,,
Dihydrocodeine,,,,,,,,,,,,,,
Ethyl Morphine,,,,,,,,,,,,,,
Levocloperastine Fendizoate,,,,,,,,,,,,,,
Noscapine,,,,,,,,,,,,,,
Pholcodine,,,,,,,,,,,,,,
Prenoxdiazine,,,,,,,,,,,,,,
Ambroxol,,,,,,,,,,,,,,
Ammonium chloride,,,,,,,,,,,,,,
Bromhexine,,,,,,,,,,,,,,
Terebenthine,,,,,,,,,,,,,,
Amyl metacresole,,,,,,,,,,,,,,
Cetylpyridinium chloride,,,,,,,,,,,,,,
Dequalinium chloride,,,,,,,,,,,,,,
Carbocysteine,,,,,,,,,,,,,,
Erdosteine,,,,,,,,,,,,,,
Methyl Cysteine,,,,,,,,,,,,,,
Terpin Hydrate,,,,,,,,,,,,,,
Phospholipids,,,,,,,,,,,,,,
Allantoin,,,,,,,,,,,,,,
Irgason dp,,,,,,,,,,,,,,
Sulphur,,,,,,,,,,,,,,
Etretinate,,,,,,,,,,,,,,
Isotretinoin,,,,,,,,,,,,,,
Adapalene,,,,,,,,,,,,,,
Azelaic Acid,,,,,,,,,,,,,,
Benzoyl Peroxide,,,,,,,,,,,,,,
Clarithromycin Topical,,,,,,,,,,,,,,
Clindamycin Topical,,,,,,,,,,,,,,
Dapsone Top.,,,,,,,,,,,,,,
Erythromycin Topical,,,,,,,,,,,,,,
Mandelic Acid,,,,,,,,,,,,,,
Metronidazole Top.,,,,,,,,,,,,,,
Salicylic Acid,,,,,,,,,,,,,,
Tazorotene,,,,,,,,,,,,,,
Tretinoin,,,,,,,,,,,,,,
Bont-L Peptide,,,,,,,,,,,,,,
PIMECROLIMUS,,,,,,,,,,,,,,
Ammoidine,,,,,,,,,,,,,,
Methoxsalen,,,,,,,,,,,,,,
Psoralen,,,,,,,,,,,,,,
Trioxsalen,,,,,,,,,,,,,,
Aminexil,,,,,,,,,,,,,,
Minoxidil,,,,,,,,,,,,,,
Eflornithine topical,,,,,,,,,,,,,,
Arbutin,,,,,,,,,,,,,,
Glycolic acid,,,,,,,,,,,,,,
Hydroquinone,,,,,,,,,,,,,,
Kojic acid,,,,,,,,,,,,,,
Tetrahydro curcumin,,,,,,,,,,,,,,
Undecylendoyl Phenylalanine,,,,,,,,,,,,,,
Benzoic Acid,,,,,,,,,,,,,,
Lactic acid,,,,,,,,,,,,,,
Resorcinol,,,,,,,,,,,,,,
Acitretin,,,,,,,,,,,,,,
Avobenzone,,,,,,,,,,,,,,
Monobenzone,,,,,,,,,,,,,,
Octinoxate,,,,,,,,,,,,,,
Octyl Methoxy Cinnamate,,,,,,,,,,,,,,
Sulisobenzone,,,,,,,,,,,,,,
Aluminium Chloride Hexahydrate,,,,,,,,,,,,,,
Aminobenzoic acid,,,,,,,,,,,,,,
Benzophenone 3,,,,,,,,,,,,,,
Oxybenzone,,,,,,,,,,,,,,
Dithranol,,,,,,,,,,,,,,
Coaltar,,,,,,,,,,,,,,
Ichthammol,,,,,,,,,,,,,,
Calcipotriol,,,,,,,,,,,,,,
Calamine,,,,,,,,,,,,,,
Camphor,,,,,,,,,,,,,,
Zinc oxide,,,,,,,,,,,,,,
Aloe vera Gel,,,,,,,,,,,,,,
Aluminium Chlorohydrate,,,,,,,,,,,,,,
Arachis oil,,,,,,,,,,,,,,
Bentonite,,,,,,,,,,,,,,
Cetyl Alcohol,,,,,,,,,,,,,,
Cyclopentasiloxane,,,,,,,,,,,,,,
Dexpanthenol,,,,,,,,,,,,,,
Glycerine,,,,,,,,,,,,,,
Hard paraffin,,,,,,,,,,,,,,
Hyaluronic Acid (Topical),,,,,,,,,,,,,,
Jojoba Topical,,,,,,,,,,,,,,
Lanolin,,,,,,,,,,,,,,
Lard,,,,,,,,,,,,,,
Licorice,,,,,,,,,,,,,,
Liquid paraffin,,,,,,,,,,,,,,
Liquorice Topical,,,,,,,,,,,,,,
Pentavitin,,,,,,,,,,,,,,
Sodium Lactate,,,,,,,,,,,,,,
Sodium Palmitoyl Proline,,,,,,,,,,,,,,
Stearyl Alcohol,,,,,,,,,,,,,,
White Petrolatum,,,,,,,,,,,,,,
White Soft Paraffin,,,,,,,,,,,,,,
Calcium lactate,,,,,,,,,,,,,,
Cocoa Butter,,,,,,,,,,,,,,
Colloidal Oatmeal,,,,,,,,,,,,,,
Propylene glycol,,,,,,,,,,,,,,
Sodium PCA,,,,,,,,,,,,,,
Sodium Pyrrolidonecarboxylic acid,,,,,,,,,,,,,,
Squalene,,,,,,,,,,,,,,
Urea,,,,,,,,,,,,,,
Amorolfine,,,,,,,,,,,,,,
Butenafine,,,,,,,,,,,,,,
Naftifine,,,,,,,,,,,,,,
Terbinafine Top.,,,,,,,,,,,,,,
Bifonazole,,,,,,,,,,,,,,
Econazole,,,,,,,,,,,,,,
Luliconazole,,,,,,,,,,,,,,
Oxiconazole,,,,,,,,,,,,,,
Anidulafungin,,,,,,,,,,,,,,
Caspofungin,,,,,,,,,,,,,,
Micafungin,,,,,,,,,,,,,,
Haloprogin,,,,,,,,,,,,,,
Piroctone ethanolamine,,,,,,,,,,,,,,
Piroctone olamine,,,,,,,,,,,,,,
Natamycin,,,,,,,,,,,,,,
Tolnaftate,,,,,,,,,,,,,,
Cidofovir,,,,,,,,,,,,,,
Imiquimod,,,,,,,,,,,,,,
Chinoform,,,,,,,,,,,,,,
Malathion,,,,,,,,,,,,,,
Monosulfiram,,,,,,,,,,,,,,
Desonide,,,,,,,,,,,,,,
Flumethasone,,,,,,,,,,,,,,
Hydrocortisone Topical,,,,,,,,,,,,,,
Prednicarbate,,,,,,,,,,,,,,
Alclometasone dipropionate,,,,,,,,,,,,,,
Clobetasone butyrate,,,,,,,,,,,,,,
Clostebol,,,,,,,,,,,,,,
Triamcinolone acetonide,,,,,,,,,,,,,,
Beclomethasone valerate,,,,,,,,,,,,,,
Betamethasone benzoate,,,,,,,,,,,,,,
Betamethasone valerate,,,,,,,,,,,,,,
Diflucortolone valerate,,,,,,,,,,,,,,
Difluprednate Topical,,,,,,,,,,,,,,
Methyl Prednisolone Aceponate,,,,,,,,,,,,,,
Betamethasone dipropionate,,,,,,,,,,,,,,
Clobetasol propionate,,,,,,,,,,,,,,
Diflorasone Diacetate,,,,,,,,,,,,,,
Halcinonide,,,,,,,,,,,,,,
Halobetasol propionate,,,,,,,,,,,,,,
Halometasone,,,,,,,,,,,,,,
Amlexanox,,,,,,,,,,,,,,
Bichloroacetic acid,,,,,,,,,,,,,,
Cantharides,,,,,,,,,,,,,,
Podophyllum Resin,,,,,,,,,,,,,,
Trichloroacetic acid,,,,,,,,,,,,,,
